"Position","Player Name","Team","mahalanobis","cutoff","outlier"
"SETTER","Jovović","SRB",47.0204081632653,20.0902350296632,TRUE
"LIBERO","Honorato","BRA",44.021739130435,20.0902350296632,TRUE
"LIBERO","Mohwinkel","GER",44.0217391304348,20.0902350296632,TRUE
"LIBERO","Ivović","SRB",44.0217391304348,20.0902350296632,TRUE
"MIDDLE BLOCKER","Mašulović N.","SRB",43.6434065488385,20.0902350296632,TRUE
"OUTSIDE HITTER","Koops","NED",37.7390224206073,20.0902350296632,TRUE
"OUTSIDE HITTER","Michieletto","ITA",32.6781382693072,20.0902350296632,TRUE
"MIDDLE BLOCKER","Bedirhan","TUR",28.1017599556582,20.0902350296632,TRUE
"MIDDLE BLOCKER","Pajenk","SLO",27.6907297678369,20.0902350296632,TRUE
"MIDDLE BLOCKER","Krick","GER",27.670274136156,20.0902350296632,TRUE
"SETTER","Brizard","FRA",27.0566962599914,20.0902350296632,TRUE
"MIDDLE BLOCKER","McCarthy","CAN",23.7941323167602,20.0902350296632,TRUE
"MIDDLE BLOCKER","Simón","CUB",23.0871465358312,20.0902350296632,TRUE
"SETTER","S. Nikolov","BUL",22.8491759265756,20.0902350296632,TRUE
"OUTSIDE HITTER","Ishikawa","JPN",22.5776766793821,20.0902350296632,TRUE
"OUTSIDE HITTER","Mandıracı","TUR",21.3993585984555,20.0902350296632,TRUE
"SETTER","Tizi-Oualou","FRA",20.5735968294562,20.0902350296632,TRUE
"MIDDLE BLOCKER","Maase","GER",20.1186739625451,20.0902350296632,TRUE
"OPPOSITE SPIKER","John","GER",20.0632933805962,20.0902350296632,FALSE
"OUTSIDE HITTER","Yanchuk","UKR",20.0500433982245,20.0902350296632,FALSE
"MIDDLE BLOCKER","Parkinson","NED",19.6871600962945,20.0902350296632,FALSE
"OUTSIDE HITTER","Morteza","IRI",19.6625523791879,20.0902350296632,FALSE
"OPPOSITE SPIKER","Gürbüz","TUR",19.6212875632205,20.0902350296632,FALSE
"OUTSIDE HITTER","Z. Štern","SLO",19.2752267911459,20.0902350296632,FALSE
"OPPOSITE SPIKER","Masso","CUB",18.8089391143029,20.0902350296632,FALSE
"OUTSIDE HITTER","Kovalov","UKR",18.4681708335043,20.0902350296632,FALSE
"LIBERO","Martinez Franchi","ARG",17.3651561618432,20.0902350296632,FALSE
"OUTSIDE HITTER","Leon","POL",16.8442409826655,20.0902350296632,FALSE
"MIDDLE BLOCKER","Grozdanov","BUL",16.6286292530013,20.0902350296632,FALSE
"OPPOSITE SPIKER","A. Lagumdzija","TUR",16.352454235452,20.0902350296632,FALSE
"OPPOSITE SPIKER","Amin","IRI",16.0433473177876,20.0902350296632,FALSE
"SETTER","Fernando","BRA",15.969138662845,20.0902350296632,FALSE
"OUTSIDE HITTER","Otsuka","JPN",15.886325501484,20.0902350296632,FALSE
"OUTSIDE HITTER","Ji D.S.","CHN",15.8209065839221,20.0902350296632,FALSE
"LIBERO","Briggs","USA",15.737499009139,20.0902350296632,FALSE
"OUTSIDE HITTER","Yant","CUB",15.4886334173593,20.0902350296632,FALSE
"OUTSIDE HITTER","Fornal","POL",15.4244032536119,20.0902350296632,FALSE
"SETTER","Vinčić","SLO",15.2670267819388,20.0902350296632,FALSE
"OUTSIDE HITTER","Urnaut","SLO",15.2316493916329,20.0902350296632,FALSE
"OUTSIDE HITTER","A. Nikolov","BUL",14.9505399899609,20.0902350296632,FALSE
"MIDDLE BLOCKER","Judson","BRA",14.898712306638,20.0902350296632,FALSE
"OPPOSITE SPIKER","Grozer","GER",14.8700324544283,20.0902350296632,FALSE
"MIDDLE BLOCKER","Nedeljković","SRB",14.7902036625294,20.0902350296632,FALSE
"OPPOSITE SPIKER","Ahyi","NED",14.6700487014476,20.0902350296632,FALSE
"OUTSIDE HITTER","Maicon","BRA",14.5097060568136,20.0902350296632,FALSE
"OUTSIDE HITTER","Szymura","POL",14.4749896322575,20.0902350296632,FALSE
"MIDDLE BLOCKER","Li Y.Z.","CHN",14.0973966713813,20.0902350296632,FALSE
"MIDDLE BLOCKER","Loser Bruno","ARG",13.5560381459031,20.0902350296632,FALSE
"SETTER","Sanchez Pages","ARG",13.5308280680763,20.0902350296632,FALSE
"MIDDLE BLOCKER","Nishimoto","JPN",13.4023074923786,20.0902350296632,FALSE
"MIDDLE BLOCKER","Todua","UKR",13.3903648111877,20.0902350296632,FALSE
"OPPOSITE SPIKER","Nasevich","POL",13.3496031964386,20.0902350296632,FALSE
"OUTSIDE HITTER","Pasteur","USA",13.2063512996258,20.0902350296632,FALSE
"OPPOSITE SPIKER","Nishiyama","JPN",12.9597157470078,20.0902350296632,FALSE
"MIDDLE BLOCKER","McHenry","USA",12.8946752499644,20.0902350296632,FALSE
"SETTER","Komenda","POL",12.800830944493,20.0902350296632,FALSE
"MIDDLE BLOCKER","Semeniuk","UKR",12.608922809885,20.0902350296632,FALSE
"LIBERO","Bozhilov","BUL",12.4017096164077,20.0902350296632,FALSE
"MIDDLE BLOCKER","Kozamernik","SLO",12.379457392295,20.0902350296632,FALSE
"OUTSIDE HITTER","Louati","FRA",12.2535562835343,20.0902350296632,FALSE
"OUTSIDE HITTER","Röhrs","GER",12.2074861172308,20.0902350296632,FALSE
"OPPOSITE SPIKER","Bisset","CUB",12.2005598628171,20.0902350296632,FALSE
"OUTSIDE HITTER","Sani","ITA",12.1329177550838,20.0902350296632,FALSE
"OUTSIDE HITTER","Ran","JPN",12.1054436686236,20.0902350296632,FALSE
"OPPOSITE SPIKER","Miyaura","JPN",12.0780835140476,20.0902350296632,FALSE
"SETTER","Planinšič","SLO",12.0200358949812,20.0902350296632,FALSE
"OUTSIDE HITTER","Brand","GER",11.8447543805876,20.0902350296632,FALSE
"OPPOSITE SPIKER","Alan","BRA",11.6334507163857,20.0902350296632,FALSE
"OPPOSITE SPIKER","Faure","FRA",11.4449715000779,20.0902350296632,FALSE
"LIBERO","Popiwczak","POL",11.4191059581484,20.0902350296632,FALSE
"OPPOSITE SPIKER","Can Koç","TUR",11.3580878856502,20.0902350296632,FALSE
"MIDDLE BLOCKER","Eisa","IRI",11.1484173675192,20.0902350296632,FALSE
"LIBERO","Grebennikov","FRA",11.042668850312,20.0902350296632,FALSE
"OUTSIDE HITTER","Poriya","IRI",10.9752193828316,20.0902350296632,FALSE
"OPPOSITE SPIKER","Sasak","POL",10.7854249259083,20.0902350296632,FALSE
"MIDDLE BLOCKER","Plak","NED",10.7624321619225,20.0902350296632,FALSE
"OUTSIDE HITTER","Mašulović V.","SRB",10.6595039844187,20.0902350296632,FALSE
"SETTER","Yenipazar","TUR",10.5028504094475,20.0902350296632,FALSE
"MIDDLE BLOCKER","Huetz","FRA",10.4725796001229,20.0902350296632,FALSE
"OPPOSITE SPIKER","Tupchii","UKR",10.3075462680612,20.0902350296632,FALSE
"LIBERO","Garcia","CUB",10.236435242697,20.0902350296632,FALSE
"SETTER","Keemink","NED",10.1728801629521,20.0902350296632,FALSE
"OPPOSITE SPIKER","Gomez","ARG",10.0837584298213,20.0902350296632,FALSE
"OPPOSITE SPIKER","Tevkun","UKR",10.0239088040507,20.0902350296632,FALSE
"OUTSIDE HITTER","Robinson","USA",9.94809747001373,20.0902350296632,FALSE
"MIDDLE BLOCKER","Korenblek","NED",9.90394700267246,20.0902350296632,FALSE
"MIDDLE BLOCKER","Concepcion","CUB",9.6897160842813,20.0902350296632,FALSE
"SETTER","Giannelli","ITA",9.26448704788097,20.0902350296632,FALSE
"SETTER","Zimmermann","GER",9.20491235407886,20.0902350296632,FALSE
"SETTER","Arshia","IRI",9.12187667761777,20.0902350296632,FALSE
"OUTSIDE HITTER","Martinez Gion","NED",9.08521208892745,20.0902350296632,FALSE
"SETTER","Toniutti","FRA",9.04196714763694,20.0902350296632,FALSE
"OUTSIDE HITTER","Clevenot","FRA",8.98239365139353,20.0902350296632,FALSE
"OPPOSITE SPIKER","Garcia","USA",8.91454340818313,20.0902350296632,FALSE
"OPPOSITE SPIKER","Rychlicki","ITA",8.9120148077077,20.0902350296632,FALSE
"MIDDLE BLOCKER","Torwie","GER",8.89162270487197,20.0902350296632,FALSE
"OUTSIDE HITTER","Tomita","JPN",8.69828850792496,20.0902350296632,FALSE
"MIDDLE BLOCKER","Larry","JPN",8.63531815900234,20.0902350296632,FALSE
"MIDDLE BLOCKER","Nowak J.","POL",8.61874132883402,20.0902350296632,FALSE
"OUTSIDE HITTER","Tuinstra","NED",8.61854446212678,20.0902350296632,FALSE
"OUTSIDE HITTER","Gierżot","POL",8.61051433656382,20.0902350296632,FALSE
"MIDDLE BLOCKER","Murayama","JPN",8.54204264061406,20.0902350296632,FALSE
"OUTSIDE HITTER","Yu Y.T.","CHN",8.52401810999244,20.0902350296632,FALSE
"OUTSIDE HITTER","Recine","ITA",8.50818122665131,20.0902350296632,FALSE
"MIDDLE BLOCKER","Gyimah","CAN",8.48192485420385,20.0902350296632,FALSE
"OUTSIDE HITTER","Pothron","FRA",8.41093896685523,20.0902350296632,FALSE
"MIDDLE BLOCKER","Flavio","BRA",8.38273475940901,20.0902350296632,FALSE
"MIDDLE BLOCKER","Mohammad","IRI",8.33960649111544,20.0902350296632,FALSE
"OUTSIDE HITTER","Zhelev","BUL",8.29650961558003,20.0902350296632,FALSE
"OPPOSITE SPIKER","Sclater","CAN",8.28369763834329,20.0902350296632,FALSE
"OPPOSITE SPIKER","D. Dimitrov","BUL",8.24178253022751,20.0902350296632,FALSE
"SETTER","Rowan","USA",8.12275127458228,20.0902350296632,FALSE
"MIDDLE BLOCKER","Wiltenburg","NED",8.1194966583537,20.0902350296632,FALSE
"OUTSIDE HITTER","Porro L.","ITA",8.11745529823657,20.0902350296632,FALSE
"LIBERO","Yamamoto","JPN",8.05550181919965,20.0902350296632,FALSE
"MIDDLE BLOCKER","Miwa","JPN",7.94365667899126,20.0902350296632,FALSE
"OUTSIDE HITTER","Daneshdoust","IRI",7.91108297725845,20.0902350296632,FALSE
"LIBERO","Hatipoğlu","TUR",7.80679265266024,20.0902350296632,FALSE
"OUTSIDE HITTER","Esfandiar","IRI",7.80459680279418,20.0902350296632,FALSE
"LIBERO","Camino","CUB",7.70995795238398,20.0902350296632,FALSE
"SETTER","Muhammed K.","TUR",7.56341289499168,20.0902350296632,FALSE
"OUTSIDE HITTER","Goto","JPN",7.56079454731637,20.0902350296632,FALSE
"MIDDLE BLOCKER","Štalekar","SLO",7.50006238225342,20.0902350296632,FALSE
"LIBERO","Graven","GER",7.45268206300974,20.0902350296632,FALSE
"OPPOSITE SPIKER","Hobus","USA",7.43763904371598,20.0902350296632,FALSE
"OPPOSITE SPIKER","Darlan","BRA",7.40215083826483,20.0902350296632,FALSE
"LIBERO","Shoji","USA",7.38295769700786,20.0902350296632,FALSE
"LIBERO","D. Kolev","BUL",7.30292028135732,20.0902350296632,FALSE
"OUTSIDE HITTER","Vicentin","ARG",7.17514359921509,20.0902350296632,FALSE
"MIDDLE BLOCKER","Kochanowski","POL",7.13250325397802,20.0902350296632,FALSE
"SETTER","Yevstratov","UKR",7.13155262268094,20.0902350296632,FALSE
"OPPOSITE SPIKER","Wassenaar Ketrzynski","CAN",7.10070591628086,20.0902350296632,FALSE
"SETTER","Javad","IRI",7.09485213186656,20.0902350296632,FALSE
"OUTSIDE HITTER","Palonsky","ARG",6.95194438694961,20.0902350296632,FALSE
"MIDDLE BLOCKER","Holdaway","USA",6.92293385793323,20.0902350296632,FALSE
"SETTER","Elgert","CAN",6.89534570521283,20.0902350296632,FALSE
"MIDDLE BLOCKER","Matheus","BRA",6.76399631858162,20.0902350296632,FALSE
"MIDDLE BLOCKER","Thiago","CUB",6.72961575416208,20.0902350296632,FALSE
"OUTSIDE HITTER","Lopez","CUB",6.70188258767015,20.0902350296632,FALSE
"OPPOSITE SPIKER","Kukartsev","ARG",6.68342003929982,20.0902350296632,FALSE
"MIDDLE BLOCKER","Kokeza","SRB",6.67735693658484,20.0902350296632,FALSE
"OUTSIDE HITTER","Ewert","USA",6.67190993423752,20.0902350296632,FALSE
"LIBERO","Danani","ARG",6.67184853904716,20.0902350296632,FALSE
"MIDDLE BLOCKER","Jendryk","USA",6.59276663910804,20.0902350296632,FALSE
"SETTER","Berkhout","NED",6.45317130671896,20.0902350296632,FALSE
"OUTSIDE HITTER","Možič","SLO",6.41059859214517,20.0902350296632,FALSE
"MIDDLE BLOCKER","Magnin","FRA",6.35177800434108,20.0902350296632,FALSE
"OPPOSITE SPIKER","Keihan","JPN",6.32594916166222,20.0902350296632,FALSE
"OPPOSITE SPIKER","Lima B.","ARG",6.30400046774708,20.0902350296632,FALSE
"OUTSIDE HITTER","M. Lagumdzija","TUR",6.18074088669866,20.0902350296632,FALSE
"SETTER","Najdič","SLO",6.16613470831029,20.0902350296632,FALSE
"OPPOSITE SPIKER","Kulpinac","SRB",6.16079911716848,20.0902350296632,FALSE
"OUTSIDE HITTER","Bednorz","POL",6.15376563650274,20.0902350296632,FALSE
"OUTSIDE HITTER","Lucarelli","BRA",6.11271626783001,20.0902350296632,FALSE
"MIDDLE BLOCKER","Jakubiszak","POL",6.07678671469742,20.0902350296632,FALSE
"OPPOSITE SPIKER","Mujanović","SLO",6.06768019900859,20.0902350296632,FALSE
"OUTSIDE HITTER","Champlin","USA",6.03942446278575,20.0902350296632,FALSE
"MIDDLE BLOCKER","Onodera","JPN",5.88218384432501,20.0902350296632,FALSE
"MIDDLE BLOCKER","Petkov","BUL",5.78898237343447,20.0902350296632,FALSE
"MIDDLE BLOCKER","Petkov","BUL",5.78898237343447,20.0902350296632,FALSE
"OUTSIDE HITTER","de Groot","NED",5.7850616436443,20.0902350296632,FALSE
"OPPOSITE SPIKER","Bovolenta","ITA",5.76601867899389,20.0902350296632,FALSE
"OPPOSITE SPIKER","Luburić","SRB",5.74197473357945,20.0902350296632,FALSE
"OPPOSITE SPIKER","Jiang C.","CHN",5.69001672991859,20.0902350296632,FALSE
"MIDDLE BLOCKER","Galassi","ITA",5.683762534936,20.0902350296632,FALSE
"LIBERO","Ristić","SRB",5.64295795008534,20.0902350296632,FALSE
"SETTER","Oya","JPN",5.59970280365141,20.0902350296632,FALSE
"MIDDLE BLOCKER","Marshman","USA",5.59826309166373,20.0902350296632,FALSE
"LIBERO","Kovačič","SLO",5.55131998748148,20.0902350296632,FALSE
"LIBERO","Currie","CAN",5.54354154466022,20.0902350296632,FALSE
"OUTSIDE HITTER","Tatarov","BUL",5.46207765543142,20.0902350296632,FALSE
"OUTSIDE HITTER","Duflos Rossi","FRA",5.44617520323779,20.0902350296632,FALSE
"SETTER","Tille","GER",5.37359612605896,20.0902350296632,FALSE
"MIDDLE BLOCKER","Gasman","USA",5.35774235126389,20.0902350296632,FALSE
"MIDDLE BLOCKER","Gajović","SRB",5.31349052653714,20.0902350296632,FALSE
"OUTSIDE HITTER","Armoa Morel","ARG",5.24325543356642,20.0902350296632,FALSE
"OUTSIDE HITTER","Kai","JPN",5.20142289992264,20.0902350296632,FALSE
"OPPOSITE SPIKER","Saadat","IRI",5.19360977546682,20.0902350296632,FALSE
"MIDDLE BLOCKER","Yamauchi","JPN",5.1041465991626,20.0902350296632,FALSE
"LIBERO","Alexandre","BRA",5.09339242507755,20.0902350296632,FALSE
"OUTSIDE HITTER","Perić","SRB",5.04525247490043,20.0902350296632,FALSE
"OUTSIDE HITTER","Diaz","ARG",5.0429088181197,20.0902350296632,FALSE
"SETTER","Gomez","CUB",5.01518759106106,20.0902350296632,FALSE
"MIDDLE BLOCKER","Le Goff","FRA",4.97619996863024,20.0902350296632,FALSE
"MIDDLE BLOCKER","Fiel","CUB",4.96337423357119,20.0902350296632,FALSE
"MIDDLE BLOCKER","Zerba","ARG",4.96192229576603,20.0902350296632,FALSE
"SETTER","Hilmi","TUR",4.93894809026092,20.0902350296632,FALSE
"MIDDLE BLOCKER","Anzani","ITA",4.93450468656819,20.0902350296632,FALSE
"MIDDLE BLOCKER","Gueye","FRA",4.927801759993,20.0902350296632,FALSE
"MIDDLE BLOCKER","Matić","TUR",4.90324230471249,20.0902350296632,FALSE
"OUTSIDE HITTER","Karyagin","BUL",4.89754039051838,20.0902350296632,FALSE
"OUTSIDE HITTER","Szalpuk","POL",4.87392104863551,20.0902350296632,FALSE
"OUTSIDE HITTER","L. Bergmann","BRA",4.82021171816039,20.0902350296632,FALSE
"LIBERO","Boiko","UKR",4.80848715579993,20.0902350296632,FALSE
"SETTER","Milanović","SRB",4.80763307482834,20.0902350296632,FALSE
"OUTSIDE HITTER","Brborić","SRB",4.77497869314995,20.0902350296632,FALSE
"SETTER","Burggräf","GER",4.77025961875474,20.0902350296632,FALSE
"OPPOSITE SPIKER","Romanò","ITA",4.74789728459424,20.0902350296632,FALSE
"OUTSIDE HITTER","Marovt","SLO",4.71020146302686,20.0902350296632,FALSE
"OUTSIDE HITTER","Yüksel","TUR",4.65418604871914,20.0902350296632,FALSE
"LIBERO","Klok","NED",4.59993706359775,20.0902350296632,FALSE
"MIDDLE BLOCKER","Korreck","GER",4.58493223860248,20.0902350296632,FALSE
"MIDDLE BLOCKER","Van Der Ent","NED",4.54906405408391,20.0902350296632,FALSE
"SETTER","Shimokawa","JPN",4.52670608875359,20.0902350296632,FALSE
"OPPOSITE SPIKER","Ariakhah","IRI",4.5195957501797,20.0902350296632,FALSE
"OUTSIDE HITTER","Henno","FRA",4.48673873279524,20.0902350296632,FALSE
"MIDDLE BLOCKER","Chelenyak","UKR",4.46509841574803,20.0902350296632,FALSE
"OUTSIDE HITTER","Asparuhov","BUL",4.4464957984272,20.0902350296632,FALSE
"MIDDLE BLOCKER","Sato","JPN",4.43329577550179,20.0902350296632,FALSE
"OUTSIDE HITTER","Conde","ARG",4.38594182873826,20.0902350296632,FALSE
"OPPOSITE SPIKER","Gonzalez","CUB",4.36052297577504,20.0902350296632,FALSE
"OPPOSITE SPIKER","Dilmenler","TUR",4.33678922999274,20.0902350296632,FALSE
"OUTSIDE HITTER","Semeniuk","POL",4.33446771898278,20.0902350296632,FALSE
"OUTSIDE HITTER","Meier","GER",4.24152344302965,20.0902350296632,FALSE
"OUTSIDE HITTER","Yamazaki","JPN",4.18848552008431,20.0902350296632,FALSE
"MIDDLE BLOCKER","Miao R.T.","CHN",4.16641234970951,20.0902350296632,FALSE
"LIBERO","Dagostino","USA",4.16453374254616,20.0902350296632,FALSE
"SETTER","Telkiyski","BUL",4.1447639203087,20.0902350296632,FALSE
"OPPOSITE SPIKER","Antov","BUL",4.13160203227146,20.0902350296632,FALSE
"OUTSIDE HITTER","Kisiliuk","UKR",4.13021694332658,20.0902350296632,FALSE
"SETTER","Greves","CAN",4.1190644658597,20.0902350296632,FALSE
"LIBERO","B. Bayraktar","TUR",4.0960888425729,20.0902350296632,FALSE
"MIDDLE BLOCKER","Stefanović","SRB",4.05226898082227,20.0902350296632,FALSE
"MIDDLE BLOCKER","Nachev","BUL",4.04086848147329,20.0902350296632,FALSE
"SETTER","Boninfante","ITA",4.02898523229969,20.0902350296632,FALSE
"LIBERO","Maique","BRA",4.01648618901733,20.0902350296632,FALSE
"MIDDLE BLOCKER","Peng S.K.","CHN",3.99490180123954,20.0902350296632,FALSE
"OUTSIDE HITTER","Wijkstra","NED",3.97944709885085,20.0902350296632,FALSE
"SETTER","Herr","CAN",3.95097276716314,20.0902350296632,FALSE
"OPPOSITE SPIKER","Patry","FRA",3.94023873914549,20.0902350296632,FALSE
"LIBERO","Laurenzano","ITA",3.8837336409163,20.0902350296632,FALSE
"OUTSIDE HITTER","Hofer","CAN",3.86142545016208,20.0902350296632,FALSE
"LIBERO","Qu Z.S.","CHN",3.83745687048772,20.0902350296632,FALSE
"MIDDLE BLOCKER","Savaş","TUR",3.82337684365066,20.0902350296632,FALSE
"SETTER","Todorović","SRB",3.81344911465553,20.0902350296632,FALSE
"SETTER","Matheus G.","BRA",3.73216128545388,20.0902350296632,FALSE
"MIDDLE BLOCKER","Chinenyeze","FRA",3.62586750786405,20.0902350296632,FALSE
"SETTER","Shchytkov","UKR",3.59765569350774,20.0902350296632,FALSE
"MIDDLE BLOCKER","Salazar","ARG",3.59333758850765,20.0902350296632,FALSE
"SETTER","Thondike","CUB",3.58540037266692,20.0902350296632,FALSE
"OPPOSITE SPIKER","Nikolić","SRB",3.57730955844334,20.0902350296632,FALSE
"OUTSIDE HITTER","Arthur","BRA",3.49222085695955,20.0902350296632,FALSE
"OUTSIDE HITTER","Mergarejo","CUB",3.49184278085655,20.0902350296632,FALSE
"LIBERO","Balaso","ITA",3.47578163084016,20.0902350296632,FALSE
"OUTSIDE HITTER","Carle","FRA",3.44640895268546,20.0902350296632,FALSE
"LIBERO","Ogawa","JPN",3.43681995347886,20.0902350296632,FALSE
"MIDDLE BLOCKER","Koval","UKR",3.41290368432825,20.0902350296632,FALSE
"MIDDLE BLOCKER","Kunstmann","GER",3.41047389156828,20.0902350296632,FALSE
"LIBERO","Scarpa","ARG",3.40632847947768,20.0902350296632,FALSE
"MIDDLE BLOCKER","Zhang Z.J.","CHN",3.38851791294341,20.0902350296632,FALSE
"SETTER","Yu Y.C.","CHN",3.36134708759963,20.0902350296632,FALSE
"OUTSIDE HITTER","Nalozhnyi","UKR",3.36086586727855,20.0902350296632,FALSE
"OUTSIDE HITTER","J. Elser","CAN",3.31323331375233,20.0902350296632,FALSE
"MIDDLE BLOCKER","Ertuğrul Gazi","TUR",3.30641617447465,20.0902350296632,FALSE
"SETTER","Synytsia","UKR",3.30413639070064,20.0902350296632,FALSE
"MIDDLE BLOCKER","Thiery","BRA",3.28967037629074,20.0902350296632,FALSE
"OUTSIDE HITTER","Śliwka","POL",3.27494489793723,20.0902350296632,FALSE
"MIDDLE BLOCKER","Cortesia","ITA",3.23028165972473,20.0902350296632,FALSE
"MIDDLE BLOCKER","Yousef","IRI",3.19819495798842,20.0902350296632,FALSE
"MIDDLE BLOCKER","Matin","IRI",3.18326901864531,20.0902350296632,FALSE
"MIDDLE BLOCKER","Petkov","BUL",3.1696065668708,20.0902350296632,FALSE
"MIDDLE BLOCKER","Petkov","BUL",3.1696065668708,20.0902350296632,FALSE
"MIDDLE BLOCKER","Gargiulo","ITA",3.15990024585376,20.0902350296632,FALSE
"LIBERO","Okroglič","SLO",3.09309837492168,20.0902350296632,FALSE
"MIDDLE BLOCKER","Krage","GER",3.07966169084544,20.0902350296632,FALSE
"MIDDLE BLOCKER","Howe","CAN",3.05701109969197,20.0902350296632,FALSE
"LIBERO","Pampushko","UKR",3.037660304491,20.0902350296632,FALSE
"OUTSIDE HITTER","Luengas","ARG",3.01615798471819,20.0902350296632,FALSE
"OPPOSITE SPIKER","Canham","CAN",3.01109209000421,20.0902350296632,FALSE
"OPPOSITE SPIKER","Uryvkin","UKR",2.90370307615043,20.0902350296632,FALSE
"MIDDLE BLOCKER","Georgiev","BUL",2.88327791063957,20.0902350296632,FALSE
"OPPOSITE SPIKER","Bołądź","POL",2.88212029148532,20.0902350296632,FALSE
"OPPOSITE SPIKER","T. Štern","SLO",2.8653886268371,20.0902350296632,FALSE
"OUTSIDE HITTER","Šen","SLO",2.81967160771969,20.0902350296632,FALSE
"OPPOSITE SPIKER","Feral","FRA",2.81643951920269,20.0902350296632,FALSE
"SETTER","Chaboissant","FRA",2.81420790126967,20.0902350296632,FALSE
"MIDDLE BLOCKER","Rao S.H.","CHN",2.80955946348049,20.0902350296632,FALSE
"LIBERO","Granieczny","POL",2.80657271737335,20.0902350296632,FALSE
"OUTSIDE HITTER","Lavia","ITA",2.79799015661174,20.0902350296632,FALSE
"OUTSIDE HITTER","Bayram","TUR",2.78659752599041,20.0902350296632,FALSE
"OUTSIDE HITTER","Flexen","USA",2.77120373522369,20.0902350296632,FALSE
"MIDDLE BLOCKER","Alonso","CUB",2.74447087713973,20.0902350296632,FALSE
"OUTSIDE HITTER","Strehlau","FRA",2.74064042321341,20.0902350296632,FALSE
"OUTSIDE HITTER","Gulmezoglu","TUR",2.73801192887951,20.0902350296632,FALSE
"LIBERO","Lui","CAN",2.73704469718635,20.0902350296632,FALSE
"LIBERO","Ramon","FRA",2.72400474372496,20.0902350296632,FALSE
"LIBERO","Arman","IRI",2.68668084255777,20.0902350296632,FALSE
"MIDDLE BLOCKER","Caneschi","ITA",2.67038145986273,20.0902350296632,FALSE
"MIDDLE BLOCKER","Adamczyk","POL",2.62034364029561,20.0902350296632,FALSE
"OPPOSITE SPIKER","Gomułka","POL",2.57634623131455,20.0902350296632,FALSE
"MIDDLE BLOCKER","Tümer","TUR",2.56873547145826,20.0902350296632,FALSE
"MIDDLE BLOCKER","Maciel","ARG",2.52387921009486,20.0902350296632,FALSE
"MIDDLE BLOCKER","Zaleszczyk","POL",2.52387921009486,20.0902350296632,FALSE
"LIBERO","Lipke","NED",2.48062634136984,20.0902350296632,FALSE
"OPPOSITE SPIKER","Böhme","GER",2.42227356361493,20.0902350296632,FALSE
"OUTSIDE HITTER","Haghparast","IRI",2.41888837479657,20.0902350296632,FALSE
"OUTSIDE HITTER","Heslinga","CAN",2.40781428690994,20.0902350296632,FALSE
"SETTER","Ma'a","USA",2.39603144540954,20.0902350296632,FALSE
"SETTER","Giraudo","ARG",2.37898325527899,20.0902350296632,FALSE
"LIBERO","Pace","ITA",2.36011067315321,20.0902350296632,FALSE
"OUTSIDE HITTER","Bračko","SLO",2.35584546005511,20.0902350296632,FALSE
"OPPOSITE SPIKER","Sabino","BRA",2.28528899553989,20.0902350296632,FALSE
"OPPOSITE SPIKER","Chizoba","BRA",2.28517708507663,20.0902350296632,FALSE
"OUTSIDE HITTER","Wang B.","CHN",2.27864254170569,20.0902350296632,FALSE
"MIDDLE BLOCKER","Kržič","SLO",2.21620311244065,20.0902350296632,FALSE
"LIBERO","Hawryluk","POL",2.2095625603117,20.0902350296632,FALSE
"MIDDLE BLOCKER","Knigge","USA",2.19884602401447,20.0902350296632,FALSE
"OUTSIDE HITTER","Poluian","UKR",2.18682066851812,20.0902350296632,FALSE
"SETTER","Kozub","POL",2.16732655649791,20.0902350296632,FALSE
"OUTSIDE HITTER","Peter","GER",2.12199548605925,20.0902350296632,FALSE
"LIBERO","Diez","FRA",2.09242364906027,20.0902350296632,FALSE
"SETTER","Palev","BUL",2.07283641649426,20.0902350296632,FALSE
"MIDDLE BLOCKER","Poręba","POL",2.060672507411,20.0902350296632,FALSE
"OPPOSITE SPIKER","Ensing","USA",2.06058740982555,20.0902350296632,FALSE
"OUTSIDE HITTER","Kirkit","TUR",2.03971215914368,20.0902350296632,FALSE
"MIDDLE BLOCKER","Schnitzer","CAN",2.03876787646138,20.0902350296632,FALSE
"MIDDLE BLOCKER","Gallego","ARG",2.03258566439607,20.0902350296632,FALSE
"OUTSIDE HITTER","Adriano","BRA",2.01814269227384,20.0902350296632,FALSE
"LIBERO","Eckardt","GER",1.95030343014865,20.0902350296632,FALSE
"OUTSIDE HITTER","Atanasov","BUL",1.9451883161931,20.0902350296632,FALSE
"OUTSIDE HITTER","Young","CAN",1.93123861553021,20.0902350296632,FALSE
"SETTER","Wang H.B.","CHN",1.89582014685639,20.0902350296632,FALSE
"OPPOSITE SPIKER","Wen Z. H.","CHN",1.89545217584166,20.0902350296632,FALSE
"LIBERO","Soshi","JPN",1.86870926208051,20.0902350296632,FALSE
"LIBERO","Negic","SRB",1.69737409739283,20.0902350296632,FALSE
"OUTSIDE HITTER","Bak","NED",1.56225955147775,20.0902350296632,FALSE
"OUTSIDE HITTER","Varga","CAN",1.54377693246213,20.0902350296632,FALSE
"OPPOSITE SPIKER","Meijs","NED",1.5016586616352,20.0902350296632,FALSE
"LIBERO","Czunkiewicz","POL",1.45347427194485,20.0902350296632,FALSE
"MIDDLE BLOCKER","Sanguinetti","ITA",1.4188332762738,20.0902350296632,FALSE
"OUTSIDE HITTER","J. Gutierrez","CUB",1.41359030651662,20.0902350296632,FALSE
"LIBERO","Li T. Y.","CHN",1.40387642423426,20.0902350296632,FALSE
"OUTSIDE HITTER","Zhai D.J.","CHN",1.30277321909899,20.0902350296632,FALSE
"SETTER","Eiro","JPN",1.20333761332056,20.0902350296632,FALSE
"LIBERO","Hazrat","IRI",1.1911588994918,20.0902350296632,FALSE
"SETTER","Firlej","POL",1.08571237997104,20.0902350296632,FALSE
"OUTSIDE HITTER","Bottolo","ITA",1.07001386487465,20.0902350296632,FALSE
"SETTER","Sbertoli","ITA",0.756013703732292,20.0902350296632,FALSE
"SETTER","Isaacson","USA",0.735828881984337,20.0902350296632,FALSE
