"Player Name","Team","Position","Age","Height","Setting Errors","Sets Per Match","Successful Receives","Receiving Errors","Receives Per Match","Aces","Service Errors","Service Attempts","Serves Per Match","Blocks","Blocking Errors","Blocks Per Match","Defensive Errors","Defensive Receptions","Digs Per Match","Kills","Attacking Errors","Attacking Attempts","Attacks Per Match","Total.Errors"
"A. Lagumdzija","TUR","OPPOSITE SPIKER",26,211,0,0.25,1,1,0.25,5,19,42,1.25,4,13,1,14,5,6.25,60,18,65,15,65
"A. Nikolov","BUL","OUTSIDE HITTER",21,207,1,0.5,46,19,3.83,16,46,100,1.33,15,26,1.25,17,31,5.08,177,54,124,14.75,163
"Adamczyk","POL","MIDDLE BLOCKER",26,208,0,0,0,0,0,1,5,23,0.25,3,6,0.75,4,4,0.5,11,1,8,2.75,16
"Adriano","BRA","OUTSIDE HITTER",23,201,0,0,9,2,0.6,4,7,41,0.27,1,1,0.07,6,4,0.6,12,10,21,0.8,26
"Ahyi","NED","OPPOSITE SPIKER",27,200,0,0.17,0,0,0,3,42,70,0.25,14,28,1.17,36,29,2.75,161,53,115,13.42,159
"Alan","BRA","OPPOSITE SPIKER",31,202,0,0.18,1,1,0.09,8,23,121,0.73,20,27,1.82,16,23,3.91,159,40,104,14.45,107
"Alexandre","BRA","LIBERO",27,190,0,0,0,0,0,0,0,0,0,0,0,0,0,0,0,0,0,0,0,0
"Alonso","CUB","MIDDLE BLOCKER",28,202,0,0.08,2,3,0.15,0,5,62,0,13,27,1,4,7,0.54,26,5,19,2,44
"Amin","IRI","OPPOSITE SPIKER",28,203,1,0.5,1,2,0.1,11,22,104,1.1,8,27,0.8,20,15,4.4,139,40,102,13.9,112
"Antov","BUL","OPPOSITE SPIKER",21,196,0,0.08,0,1,0,7,39,69,0.58,5,23,0.42,18,19,2.33,100,35,72,8.33,116
"Anzani","ITA","MIDDLE BLOCKER",33,204,0,0.09,2,1,0.18,2,9,112,0.18,19,41,1.73,5,14,1.27,35,7,20,3.18,63
"Ariakhah","IRI","OPPOSITE SPIKER",19,205,0,0,0,0,0,0,3,3,0,1,0,0.25,0,0,0.25,6,2,3,1.5,5
"Arman","IRI","LIBERO",32,180,0,0.17,42,4,3.5,0,0,0,0,0,0,0,15,17,3.67,0,0,0,0,19
"Armoa Morel","ARG","OUTSIDE HITTER",22,195,0,0.12,15,4,1.88,0,9,27,0,4,7,0.5,10,3,0.88,17,8,15,2.12,38
"Arshia","IRI","SETTER",22,194,6,22.17,0,2,0,1,21,83,0.08,5,24,0.42,20,15,3.08,5,2,10,0.42,75
"Arthur","BRA","OUTSIDE HITTER",21,205,0,0.08,13,7,1,2,5,39,0.15,4,9,0.31,4,7,1.23,40,6,25,3.08,31
"Asparuhov","BUL","OUTSIDE HITTER",25,201,1,0,38,16,3.17,1,19,79,0.08,9,22,0.75,12,30,2.25,69,22,76,5.75,92
"Atanasov","BUL","OUTSIDE HITTER",28,196,0,0,17,7,1.42,4,10,28,0.33,3,8,0.25,4,8,0.67,32,14,36,2.67,43
"B. Bayraktar","TUR","LIBERO",27,190,0,0.25,53,18,4.42,0,0,0,0,0,0,0,35,41,6.5,0,0,0,0,53
"Bak","NED","OUTSIDE HITTER",23,198,0,0,2,0,0.17,0,2,4,0,1,3,0.08,4,3,0.5,5,4,8,0.42,13
"Balaso","ITA","LIBERO",29,178,1,0.09,51,6,4.64,0,0,0,0,0,0,0,27,45,5.64,0,0,0,0,34
"Bayram","TUR","OUTSIDE HITTER",23,194,0,0,8,4,1.33,0,9,22,0,2,3,0.33,4,6,1.83,20,5,14,3.33,25
"Bedirhan","TUR","MIDDLE BLOCKER",26,201,0,0.08,12,0,1,8,25,117,0.67,18,49,1.5,10,16,1.92,70,11,27,5.83,95
"Bednorz","POL","OUTSIDE HITTER",31,201,0,0,10,3,2,0,4,8,0,2,2,0.4,1,2,0.6,10,3,8,2,13
"Berkhout","NED","SETTER",25,198,1,14.42,0,0,0,1,6,71,0.08,2,11,0.17,20,16,1.33,2,0,7,0.17,38
"Bisset","CUB","OPPOSITE SPIKER",30,200,0,0.31,1,0,0.08,0,7,13,0,2,7,0.15,1,4,0.62,19,9,13,1.46,24
"Boiko","UKR","LIBERO",22,180,0,0.25,68,12,5.67,0,0,0,0,0,0,0,55,41,7.08,0,0,0,0,67
"Boninfante","ITA","SETTER",21,188,0,1,0,1,0,0,4,6,0,0,1,0,0,3,0.5,1,0,0,0.25,6
"Bottolo","ITA","OUTSIDE HITTER",25,196,0,0.07,24,3,1.6,3,24,43,0.2,7,6,0.47,3,8,1.07,49,15,46,3.27,51
"Bovolenta","ITA","OPPOSITE SPIKER",21,202,0,0,0,0,0,1,5,16,0.25,1,3,0.25,3,3,2,18,4,16,4.5,15
"Bozhilov","BUL","LIBERO",37,190,0,0.25,46,15,3.83,0,0,0,0,0,0,0,11,29,2,0,0,0,0,26
"Bołądź","POL","OPPOSITE SPIKER",30,204,0,0,0,0,0,0,7,10,0,3,6,0.43,1,0,0.43,14,8,6,2,22
"Brand","GER","OUTSIDE HITTER",27,194,0,0,28,14,3.5,2,12,77,0.25,9,29,1.12,15,13,4.12,76,22,69,9.5,92
"Bračko","SLO","OUTSIDE HITTER",21,194,0,0,20,11,1.33,2,18,37,0.13,2,15,0.13,9,11,1.27,41,11,43,2.73,64
"Brborić","SRB","OUTSIDE HITTER",19,192,0,0.09,10,4,0.91,3,17,36,0.27,2,8,0.18,10,6,1.36,27,9,35,2.45,48
"Briggs","USA","LIBERO",24,182,1,0.5,25,5,3.12,0,0,0,0,0,0,0,14,12,3.25,0,0,0,0,20
"Brizard","FRA","SETTER",31,196,2,30.11,0,0,0,15,26,63,1.67,3,17,0.33,10,16,2.56,10,5,6,1.11,60
"Burggräf","GER","SETTER",26,184,1,2.08,0,0,0,2,5,25,0.17,1,2,0.08,6,5,0.67,1,0,0,0.08,14
"Böhme","GER","OPPOSITE SPIKER",28,203,0,0,1,0,0.08,2,7,6,0.17,1,6,0.08,2,8,0.58,21,6,21,1.75,21
"Camino","CUB","LIBERO",22,186,0,0,26,18,2,0,0,0,0,0,0,0,18,21,0.77,0,0,0,0,36
"Can Koç","TUR","OPPOSITE SPIKER",22,200,0,0,0,0,0,0,0,0,0,1,1,1,0,0,0,0,0,1,0,1
"Caneschi","ITA","MIDDLE BLOCKER",28,205,0,0,0,0,0,0,2,1,0,1,4,0.25,0,0,0,1,0,0,0.25,6
"Canham","CAN","OPPOSITE SPIKER",25,194,0,0,0,0,0,1,10,14,0.25,1,4,0.25,2,6,0.75,17,3,16,4.25,19
"Carle","FRA","OUTSIDE HITTER",29,195,0,0,0,0,0,0,5,6,0,0,0,0,1,0,0.25,0,0,0,0,6
"Chaboissant","FRA","SETTER",22,189,0,5.25,0,0,0,0,4,11,0,1,3,0.25,3,6,0.5,1,0,3,0.25,10
"Champlin","USA","OUTSIDE HITTER",23,191,0,0.33,24,6,2,3,18,60,0.25,4,8,0.33,17,7,1.83,60,12,62,5,61
"Chelenyak","UKR","MIDDLE BLOCKER",20,200,0,0,0,0,0,1,0,13,0.08,0,1,0,1,1,0.08,0,1,1,0,3
"Chinenyeze","FRA","MIDDLE BLOCKER",27,204,0,0,0,0,0,0,4,22,0,1,6,0.12,0,0,0.62,21,3,3,2.62,13
"Chizoba","BRA","OPPOSITE SPIKER",28,200,0,0,0,0,0,2,2,8,0.2,1,6,0.1,1,0,0.1,6,3,11,0.6,12
"Clevenot","FRA","OUTSIDE HITTER",31,199,1,0.08,58,15,4.46,11,19,143,0.85,19,29,1.46,20,30,3.85,147,37,121,11.31,121
"Concepcion","CUB","MIDDLE BLOCKER",27,202,0,0,1,1,0.08,9,23,112,0.69,33,58,2.54,6,16,1.46,78,18,37,6,106
"Conde","ARG","OUTSIDE HITTER",20,193,0,0,2,2,0.17,0,6,7,0,2,1,0.17,5,3,0.25,3,5,8,0.25,19
"Cortesia","ITA","MIDDLE BLOCKER",26,198,0,0,0,0,0,0,0,5,0,1,6,0.12,0,1,0,2,1,2,0.25,7
"Currie","CAN","LIBERO",25,175,0,0.17,52,13,4.33,0,0,0,0,0,0,0,48,40,3.75,0,0,0,0,61
"Czunkiewicz","POL","LIBERO",28,183,4,0,11,4,1.38,0,0,0,0,0,0,0,18,18,2.5,0,0,0,0,26
"D. Dimitrov","BUL","OPPOSITE SPIKER",24,208,0,0.25,0,0,0,0,3,14,0,4,5,1,0,2,1.25,9,3,7,2.25,11
"D. Kolev","BUL","LIBERO",23,176,0,0,0,0,0,0,0,0,0,0,0,0,6,8,3.5,0,0,0,0,6
"Dagostino","USA","LIBERO",30,175,1,0,10,5,1.25,0,0,0,0,0,0,0,21,10,2,0,0,0,0,27
"Danani","ARG","LIBERO",29,176,0,0.25,25,6,6.25,0,0,0,0,0,0,0,19,21,9,0,0,0,0,25
"Daneshdoust","IRI","OUTSIDE HITTER",25,192,0,0.25,7,10,0.58,2,0,43,0.17,5,8,0.42,7,6,0.92,23,5,17,1.92,30
"Darlan","BRA","OPPOSITE SPIKER",23,192,0,0,0,0,0,15,26,62,1,5,19,0.33,13,14,1.27,122,39,58,8.13,97
"Diaz","ARG","OUTSIDE HITTER",19,193,0,0,0,0,0,0,3,4,0,0,0,0,1,0,0,0,0,0,0,4
"Diez","FRA","LIBERO",27,183,0,0.31,60,13,4.62,0,0,0,0,0,0,0,29,38,5.54,0,0,0,0,42
"Dilmenler","TUR","OPPOSITE SPIKER",21,203,0,0,0,0,0,1,8,18,0.11,3,6,0.33,7,5,1.44,27,14,30,3,35
"Duflos Rossi","FRA","OUTSIDE HITTER",18,198,0,0,15,1,1.88,0,3,15,0,1,4,0.12,3,6,1,10,7,23,1.25,18
"Eckardt","GER","LIBERO",24,183,0,0,0,0,0,0,0,0,0,0,0,0,1,1,0.5,0,0,0,0,1
"Eiro","JPN","SETTER",29,192,1,13.27,0,0,0,4,7,70,0.36,2,6,0.18,10,25,1.64,3,3,1,0.27,27
"Eisa","IRI","MIDDLE BLOCKER",24,203,0,0.1,2,0,0.2,1,9,106,0.1,20,34,2,7,7,1.7,28,8,18,2.8,58
"Elgert","CAN","SETTER",27,191,2,16.67,0,1,0,7,12,98,0.58,2,14,0.17,18,35,0.92,1,0,2,0.08,47
"Ensing","USA","OPPOSITE SPIKER",28,201,0,0,0,0,0,3,2,32,0.38,2,7,0.25,7,9,1,23,11,19,2.88,27
"Ertuğrul Gazi","TUR","MIDDLE BLOCKER",29,204,0,0,0,0,0,0,0,0,0,0,0,0,0,0,0,0,0,0,0,0
"Esfandiar","IRI","OUTSIDE HITTER",26,209,0,0,11,12,0.92,9,22,60,0.75,11,7,0.92,6,11,1.58,56,15,48,4.67,62
"Ewert","USA","OUTSIDE HITTER",28,195,0,0,37,10,3.08,0,12,83,0,6,25,0.5,20,25,1.33,70,25,67,5.83,92
"Faure","FRA","OPPOSITE SPIKER",25,202,0,0.08,2,0,0.15,22,55,177,1.69,11,37,0.85,29,34,5.54,211,60,159,16.23,181
"Feral","FRA","OPPOSITE SPIKER",22,197,0,0,0,0,0,0,3,2,0,0,0,0,0,0,0,1,0,0,0.25,3
"Fernando","BRA","SETTER",29,186,3,33.8,0,1,0,10,23,142,0.67,6,19,0.4,35,60,1.87,9,3,11,0.6,84
"Fiel","CUB","MIDDLE BLOCKER",32,205,0,0,1,0,0.08,3,6,45,0.23,11,25,0.85,3,6,0.31,18,7,15,1.38,41
"Firlej","POL","SETTER",28,188,3,14.36,0,0,0,2,6,64,0.18,2,12,0.18,9,15,2,3,1,5,0.27,31
"Flavio","BRA","MIDDLE BLOCKER",32,199,1,0.07,1,0,0.07,3,13,149,0.21,27,64,1.93,16,22,1.29,80,18,36,5.71,112
"Flexen","USA","OUTSIDE HITTER",23,204,0,0,7,9,0.88,4,6,23,0.5,2,4,0.25,1,5,0.88,16,7,25,2,27
"Fornal","POL","OUTSIDE HITTER",28,200,0,0.14,30,8,4.29,5,14,55,0.71,9,15,1.29,11,14,1.86,42,12,31,6,60
"Gajović","SRB","MIDDLE BLOCKER",25,205,0,0,2,0,0.17,4,5,49,0.33,0,3,0,4,1,0.17,2,1,2,0.17,13
"Galassi","ITA","MIDDLE BLOCKER",28,201,0,0,0,1,0,1,10,67,0.09,18,26,1.64,3,20,0.91,44,10,24,4,50
"Gallego","ARG","MIDDLE BLOCKER",28,204,0,0,0,1,0,1,13,39,0.08,12,18,1,3,11,0.5,18,4,17,1.5,39
"Garcia","CUB","LIBERO",32,175,1,0.11,59,16,6.56,0,0,0,0,0,0,0,27,31,7.44,0,0,0,0,44
"Garcia","USA","OPPOSITE SPIKER",26,200,1,0.17,0,1,0,14,35,71,1.17,9,19,0.75,23,22,2,83,25,60,6.92,104
"Gargiulo","ITA","MIDDLE BLOCKER",26,200,0,0.13,4,2,0.27,6,11,150,0.4,27,53,1.8,5,17,1,69,5,26,4.6,76
"Gasman","USA","MIDDLE BLOCKER",28,208,0,0,0,0,0,1,5,2,0.25,0,3,0,0,0,0.5,4,0,2,1,8
"Georgiev","BUL","MIDDLE BLOCKER",30,206,0,0,0,0,0,0,4,17,0,3,4,0.25,2,1,0.33,8,0,1,0.67,10
"Giannelli","ITA","SETTER",29,200,4,23.33,0,0,0,14,23,147,0.93,16,32,1.07,27,43,3.27,19,9,24,1.27,95
"Gierżot","POL","OUTSIDE HITTER",23,208,0,0.25,20,7,2.5,5,16,28,0.62,1,9,0.12,6,6,1.75,40,9,30,5,47
"Giraudo","ARG","SETTER",27,196,3,5.17,0,0,0,2,7,22,0.17,4,8,0.33,3,8,0.42,2,0,7,0.17,21
"Gomez","ARG","OPPOSITE SPIKER",22,191,0,0,1,0,0.1,9,31,42,0.9,3,21,0.3,12,11,1.1,86,36,43,8.6,100
"Gomez","CUB","SETTER",26,194,2,19,0,0,0,10,49,114,0.77,5,18,0.38,15,25,1.69,16,2,8,1.23,86
"Gomułka","POL","OPPOSITE SPIKER",23,204,0,0,0,0,0,0,4,3,0,0,1,0,2,1,0.25,7,3,4,1.75,10
"Gonzalez","CUB","OPPOSITE SPIKER",22,207,0,0,0,0,0,0,0,0,0,0,0,0,0,0,0,0,0,0,0,0
"Goto","JPN","OUTSIDE HITTER",24,187,0,0,0,1,0,0,0,0,0,0,0,0,0,0,1,0,1,0,0,2
"Granieczny","POL","LIBERO",20,179,1,0.07,17,7,1.13,0,0,0,0,0,0,0,12,23,2.33,0,0,0,0,20
"Graven","GER","LIBERO",21,180,0,0.25,73,12,6.08,0,0,0,0,0,0,0,38,36,6.25,0,0,0,0,50
"Grebennikov","FRA","LIBERO",35,188,0,0.4,18,1,3.6,0,0,1,0,0,0,0,12,16,4.6,0,0,0,0,13
"Greves","CAN","SETTER",22,185,0,0,0,0,0,0,2,14,0,0,1,0,1,0,0,0,0,1,0,4
"Grozdanov","BUL","MIDDLE BLOCKER",27,208,1,0.25,2,1,0.25,7,9,80,0.88,20,29,2.5,4,8,1,37,17,27,4.62,61
"Grozer","GER","OPPOSITE SPIKER",40,200,0,0,0,0,0,1,3,3,0.25,0,2,0,2,0,0.25,3,3,5,0.75,10
"Gueye","FRA","MIDDLE BLOCKER",28,198,0,0.08,1,0,0.08,3,19,111,0.23,13,37,1,9,4,0.69,53,11,32,4.08,76
"Gulmezoglu","TUR","OUTSIDE HITTER",29,199,1,0,15,5,1.88,3,13,54,0.38,4,10,0.5,14,16,1.75,28,17,44,3.5,60
"Gyimah","CAN","MIDDLE BLOCKER",27,200,1,0.17,7,0,0.58,4,19,49,0.33,16,36,1.33,6,11,1.17,40,6,19,3.33,68
"Gürbüz","TUR","OPPOSITE SPIKER",24,200,1,0.25,0,1,0,1,6,28,0.25,1,11,0.25,7,3,4,37,15,23,9.25,41
"Haghparast","IRI","OUTSIDE HITTER",20,198,0,0,6,6,0.5,2,6,19,0.17,1,7,0.08,1,1,0.75,17,10,12,1.42,30
"Hatipoğlu","TUR","LIBERO",33,190,0,0,0,0,0,0,0,0,0,0,0,0,4,3,0.58,0,0,0,0,4
"Hawryluk","POL","LIBERO",22,182,0,0,4,1,1,0,0,0,0,0,0,0,4,1,1.5,0,0,0,0,5
"Hazrat","IRI","LIBERO",26,187,0,0.17,40,8,3.33,0,0,0,0,0,0,0,12,23,4.08,0,0,0,0,20
"Henno","FRA","OUTSIDE HITTER",20,193,0,0,25,4,2.78,4,23,27,0.44,3,8,0.33,6,8,2,41,12,17,4.56,53
"Herr","CAN","SETTER",31,192,1,13.75,0,0,0,2,9,54,0.17,1,8,0.08,7,17,0.92,2,0,7,0.17,25
"Heslinga","CAN","OUTSIDE HITTER",23,200,0,0,17,5,1.55,3,12,55,0.27,5,15,0.45,16,17,1.18,54,10,56,4.91,58
"Hilmi","TUR","SETTER",22,186,0,0.12,0,0,0,1,0,1,0.12,0,1,0,1,1,0.38,0,0,0,0,2
"Hobus","USA","OPPOSITE SPIKER",25,205,0,0.08,2,0,0.17,0,17,34,0,6,9,0.5,7,9,1.5,62,26,47,5.17,59
"Hofer","CAN","OUTSIDE HITTER",25,199,0,0.17,53,18,4.42,7,24,88,0.58,9,28,0.75,24,37,3.5,125,37,86,10.42,131
"Holdaway","USA","MIDDLE BLOCKER",28,201,0,0,0,0,0,1,2,9,0.5,2,2,1,1,4,1,3,1,3,1.5,6
"Honorato","BRA","LIBERO",28,190,0,0.13,47,9,3.13,10,22,147,0.67,13,28,0.87,32,32,2.87,102,37,82,6.8,128
"Howe","CAN","MIDDLE BLOCKER",27,198,0,0,0,0,0,1,1,18,0.33,3,12,1,2,1,1,8,1,4,2.67,16
"Huetz","FRA","MIDDLE BLOCKER",25,202,1,0.15,8,1,0.62,9,41,66,0.69,30,49,2.31,2,10,1,61,18,30,4.69,112
"Isaacson","USA","SETTER",26,187,1,8.5,0,0,0,1,2,43,0.12,1,3,0.12,6,17,0.88,1,0,0,0.12,12
"Ishikawa","JPN","OUTSIDE HITTER",29,191,0,0.5,16,1,4,1,11,34,0.25,3,11,0.75,10,12,2.75,49,17,38,12.25,50
"Ivović","SRB","LIBERO",34,194,2,0.42,64,22,5.33,7,39,111,0.58,14,32,1.17,20,30,3.33,108,57,88,9,172
"J. Elser","CAN","OUTSIDE HITTER",26,204,0,0,2,0,0.18,2,3,30,0.18,1,0,0.09,8,4,0.18,9,0,5,0.82,11
"J. Gutierrez","CUB","OUTSIDE HITTER",23,194,1,0,26,5,2,3,13,49,0.23,4,10,0.31,8,9,1.54,46,18,35,3.54,55
"Jakubiszak","POL","MIDDLE BLOCKER",27,210,0,0.07,5,1,0.36,2,8,102,0.14,12,36,0.86,5,11,0.57,40,9,17,2.86,59
"Javad","IRI","SETTER",27,204,2,7.5,0,0,0,1,6,34,0.08,5,10,0.42,9,8,1.75,1,2,1,0.08,29
"Jendryk","USA","MIDDLE BLOCKER",30,208,0,0,1,0,0.08,2,8,88,0.17,10,28,0.83,5,17,1.58,44,7,22,3.67,48
"Ji D.S.","CHN","OUTSIDE HITTER",33,194,1,0.46,41,12,3.15,3,26,71,0.23,5,15,0.38,11,24,1.54,67,30,95,5.15,95
"Jiang C.","CHN","OPPOSITE SPIKER",31,205,0,0.15,0,1,0,8,21,66,0.62,7,16,0.54,11,5,1.23,94,41,58,7.23,90
"John","GER","OPPOSITE SPIKER",24,204,0,0,4,1,0.33,17,38,107,1.42,7,24,0.58,20,26,3.92,186,57,133,15.5,140
"Jovović","SRB","SETTER",33,197,2,16,1,0,0.12,1,2,43,0.12,2,9,0.25,8,11,2.25,5,1,5,0.62,22
"Judson","BRA","MIDDLE BLOCKER",26,204,2,0,2,1,0.15,10,36,110,0.77,20,60,1.54,11,10,2,82,8,37,6.31,118
"Kai","JPN","OUTSIDE HITTER",21,200,0,0.17,19,3,1.58,11,28,44,0.92,2,7,0.17,10,17,1.33,50,21,46,4.17,69
"Karyagin","BUL","OUTSIDE HITTER",22,206,0,0,0,0,0,0,1,1,0,0,1,0,0,1,0.25,1,1,4,0.25,3
"Keemink","NED","SETTER",32,197,3,14.83,0,0,0,1,5,98,0.08,5,12,0.42,16,20,1.67,10,1,8,0.83,37
"Keihan","JPN","OPPOSITE SPIKER",21,193,0,0,0,0,0,0,3,8,0,1,1,0.25,4,0,0.75,13,6,7,3.25,14
"Kirkit","TUR","OUTSIDE HITTER",24,194,0,0,0,1,0,0,0,8,0,0,1,0,1,0,0.33,1,2,4,0.17,5
"Kisiliuk","UKR","OUTSIDE HITTER",30,197,0,0,3,2,0.38,2,8,8,0.25,0,5,0,0,6,0.38,8,6,8,1,21
"Klok","NED","LIBERO",26,189,1,0.25,66,16,5.5,0,0,0,0,0,0,0,56,47,5.75,0,0,0,0,73
"Knigge","USA","MIDDLE BLOCKER",29,201,0,0.08,1,0,0.08,3,19,50,0.25,14,33,1.17,2,14,0.75,22,9,19,1.83,63
"Kochanowski","POL","MIDDLE BLOCKER",28,199,0,0,2,0,0.29,5,17,58,0.71,14,27,2,2,5,1.14,36,3,13,5.14,49
"Kokeza","SRB","MIDDLE BLOCKER",21,205,0,0,1,0,0.25,0,1,2,0,0,5,0,0,1,0.25,1,1,1,0.25,7
"Komenda","POL","SETTER",29,198,1,24.91,0,0,0,2,2,117,0.18,12,19,1.09,32,37,3.09,2,2,3,0.18,56
"Koops","NED","OUTSIDE HITTER",24,190,0,0.42,106,17,8.83,10,47,101,0.83,4,25,0.33,23,41,6.25,122,33,138,10.17,145
"Korenblek","NED","MIDDLE BLOCKER",23,215,0,0,1,0,0.08,2,10,6,0.17,2,7,0.17,0,1,0.08,10,3,10,0.83,20
"Korreck","GER","MIDDLE BLOCKER",24,210,0,0,0,0,0,0,0,0,0,0,0,0,0,0,0,0,0,0,0,0
"Koval","UKR","MIDDLE BLOCKER",26,198,0,0.08,0,0,0,1,15,35,0.08,4,18,0.33,1,5,0.42,13,1,8,1.08,35
"Kovalov","UKR","OUTSIDE HITTER",29,190,0,0,45,15,3.75,7,21,86,0.58,19,20,1.58,17,29,2.58,111,41,96,9.25,114
"Kovačič","SLO","LIBERO",33,186,1,0.36,66,17,4.71,0,1,0,0,0,0,0,56,51,5.93,0,0,0,0,75
"Kozamernik","SLO","MIDDLE BLOCKER",29,204,1,0.13,11,0,0.73,8,18,177,0.53,34,48,2.27,14,41,1.93,61,12,39,4.07,93
"Kozub","POL","SETTER",27,188,0,1.5,0,0,0,0,0,1,0,0,0,0,3,2,0.12,0,0,0,0,3
"Krage","GER","MIDDLE BLOCKER",28,203,0,0,0,0,0,2,2,46,0.25,8,13,1,3,2,0.25,20,4,12,2.5,22
"Krick","GER","MIDDLE BLOCKER",26,210,0,0,0,0,0,1,1,36,0.25,4,15,1,5,2,0.25,28,1,7,7,22
"Kržič","SLO","MIDDLE BLOCKER",22,202,0,0,1,0,0.07,1,8,55,0.07,4,16,0.27,4,10,0.2,11,2,6,0.73,30
"Kukartsev","ARG","OPPOSITE SPIKER",32,204,0,0,0,0,0,5,18,69,0.42,10,16,0.83,16,14,2.08,114,30,94,9.5,80
"Kulpinac","SRB","OPPOSITE SPIKER",18,200,0,0.14,0,0,0,0,1,0,0,0,1,0,0,1,0.14,0,0,2,0,2
"Kunstmann","GER","MIDDLE BLOCKER",22,201,0,0,0,0,0,1,6,24,0.12,2,4,0.25,2,2,0.62,12,6,11,1.5,18
"L. Bergmann","BRA","OUTSIDE HITTER",21,204,0,0.07,48,16,3.2,6,28,132,0.4,9,31,0.6,24,34,2.93,107,41,109,7.13,140
"Larry","JPN","MIDDLE BLOCKER",25,195,1,0,0,0,0,1,5,67,0.08,9,29,0.75,3,7,1.42,31,7,15,2.58,45
"Laurenzano","ITA","LIBERO",22,176,0,0.12,13,4,1.62,0,0,0,0,0,0,0,19,7,3.88,0,0,0,0,23
"Lavia","ITA","OUTSIDE HITTER",25,200,0,0.09,36,11,3.27,5,11,79,0.45,9,21,0.82,14,16,2.91,68,27,86,6.18,84
"Le Goff","FRA","MIDDLE BLOCKER",33,206,0,0,0,0,0,1,3,30,0.2,5,12,1,1,1,1.2,19,5,14,3.8,21
"Leon","POL","OUTSIDE HITTER",32,201,0,0.14,13,13,1.86,12,27,48,1.71,5,10,0.71,7,6,2.29,70,28,47,10,85
"Li T. Y.","CHN","LIBERO",23,183,0,0.08,10,4,0.77,0,0,0,0,0,0,0,16,6,1.46,0,0,0,0,20
"Li Y.Z.","CHN","MIDDLE BLOCKER",27,198,0,0,1,0,0.08,9,17,98,0.69,29,39,2.23,0,10,0.46,41,10,29,3.15,66
"Lima B.","ARG","OPPOSITE SPIKER",29,198,0,0,0,0,0,0,11,8,0,0,7,0,3,2,0.25,19,2,16,4.75,23
"Lipke","NED","LIBERO",22,180,0,0,0,0,0,0,0,0,0,0,0,0,1,1,0.5,0,0,0,0,1
"Lopez","CUB","OUTSIDE HITTER",28,189,0,0.38,48,12,3.69,6,29,97,0.46,7,16,0.54,18,25,3.23,97,32,65,7.46,107
"Loser Bruno","ARG","MIDDLE BLOCKER",27,198,0,0,1,1,0.08,5,34,150,0.42,34,54,2.83,13,23,1.92,74,10,49,6.17,112
"Louati","FRA","OUTSIDE HITTER",33,198,0,0.11,39,7,4.33,8,22,59,0.89,2,15,0.22,13,10,1.78,52,19,37,5.78,76
"Luburić","SRB","OPPOSITE SPIKER",31,202,0,0.08,0,2,0,10,36,91,0.83,6,12,0.5,15,19,2.33,136,59,114,11.33,124
"Lucarelli","BRA","OUTSIDE HITTER",33,196,0,0.14,18,3,2.57,2,7,35,0.29,2,9,0.29,6,18,1.86,24,9,28,3.43,34
"Luengas","ARG","OUTSIDE HITTER",29,197,0,0.08,8,3,0.67,4,10,23,0.33,3,7,0.25,7,7,1.25,27,11,18,2.25,38
"Lui","CAN","LIBERO",25,177,0,0.08,5,0,0.42,0,0,0,0,0,0,0,24,3,1.25,0,0,0,0,24
"M. Lagumdzija","TUR","OUTSIDE HITTER",24,207,0,0.17,10,10,0.83,4,14,66,0.33,7,22,0.58,10,10,2.17,60,28,52,5,84
"Ma'a","USA","SETTER",28,192,1,20.62,0,0,0,4,14,77,0.5,5,10,0.62,17,29,2.88,7,2,8,0.88,44
"Maase","GER","MIDDLE BLOCKER",27,208,0,0.12,3,3,0.38,0,13,97,0,11,28,1.38,7,9,1.75,60,7,28,7.5,58
"Maciel","ARG","MIDDLE BLOCKER",23,205,0,0,0,0,0,0,0,0,0,0,0,0,0,0,0,0,0,0,0,0
"Magnin","FRA","MIDDLE BLOCKER",21,200,0,0,0,0,0,2,4,10,0.25,2,1,0.25,1,2,0.62,4,0,4,0.5,6
"Maicon","BRA","OUTSIDE HITTER",21,215,0,0,0,0,0,0,0,0,0,0,1,0,0,0,0,0,0,1,0,1
"Maique","BRA","LIBERO",28,187,0,0.27,88,17,5.87,0,0,0,0,0,0,0,60,70,7.93,0,0,0,0,77
"Mandıracı","TUR","OUTSIDE HITTER",23,206,1,0.08,33,12,2.75,26,28,110,2.17,12,29,1,28,36,3.33,149,41,124,12.42,139
"Marovt","SLO","OUTSIDE HITTER",20,192,1,0.07,4,3,0.29,1,6,12,0.07,0,4,0,0,4,0.21,12,11,17,0.86,25
"Marshman","USA","MIDDLE BLOCKER",31,201,0,0,0,0,0,0,0,0,0,0,0,0,0,0,0,0,0,0,0,0
"Martinez Franchi","ARG","LIBERO",27,190,1,0,31,10,3.88,0,0,0,0,0,0,0,22,25,8.62,0,0,0,0,33
"Martinez Gion","NED","OUTSIDE HITTER",35,197,0,0.12,12,2,1.5,0,3,19,0,3,7,0.38,7,4,0.88,16,8,16,2,27
"Masso","CUB","OPPOSITE SPIKER",27,204,0,0.38,2,0,0.15,12,64,105,0.92,28,46,2.15,24,25,4.08,148,53,117,11.38,187
"Matheus","BRA","MIDDLE BLOCKER",29,207,0,0,0,0,0,6,16,47,0.5,8,14,0.67,2,5,0.33,17,5,14,1.42,37
"Matheus G.","BRA","SETTER",28,185,0,3,0,0,0,0,4,8,0,3,4,0.2,8,8,0.67,0,0,0,0,16
"Matin","IRI","MIDDLE BLOCKER",24,201,0,0,0,0,0,0,6,9,0,0,14,0,0,0,0.4,9,3,3,1.8,23
"Matić","TUR","MIDDLE BLOCKER",30,211,0,0,1,0,0.09,3,10,65,0.27,15,29,1.36,3,11,0.91,28,7,20,2.55,49
"Mašulović N.","SRB","MIDDLE BLOCKER",29,205,1,0.5,1,1,0.08,0,12,78,0,20,33,1.67,4,14,1,47,8,24,3.92,59
"Mašulović V.","SRB","OUTSIDE HITTER",22,198,0,0,45,20,5,3,24,70,0.33,7,22,0.78,18,12,2.56,79,29,64,8.78,113
"McCarthy","CAN","MIDDLE BLOCKER",25,200,0,0.36,7,0,0.64,10,50,112,0.91,26,42,2.36,10,13,1.73,62,15,30,5.64,117
"McHenry","USA","MIDDLE BLOCKER",24,200,1,0,0,1,0,3,7,61,0.3,17,21,1.7,7,15,1.9,34,1,22,3.4,38
"Meier","GER","OUTSIDE HITTER",23,205,0,0,0,0,0,0,0,0,0,0,1,0,0,0,0,0,0,0,0,1
"Meijs","NED","OPPOSITE SPIKER",23,202,0,0.08,0,0,0,4,19,30,0.33,3,5,0.25,9,6,0.67,39,18,32,3.25,51
"Mergarejo","CUB","OUTSIDE HITTER",27,196,2,0.08,3,4,0.23,4,6,79,0.31,2,3,0.15,4,3,1,13,6,11,1,25
"Miao R.T.","CHN","MIDDLE BLOCKER",30,205,0,0,0,0,0,1,0,15,0.17,2,9,0.33,0,2,0,6,2,6,1,11
"Michieletto","ITA","OUTSIDE HITTER",23,211,0,0.55,46,6,4.18,25,35,121,2.27,15,15,1.36,30,26,3.82,127,29,106,11.55,115
"Milanović","SRB","SETTER",20,194,0,0.25,0,0,0,0,1,0,0,0,0,0,0,0,0,0,0,0,0,1
"Miwa","JPN","MIDDLE BLOCKER",25,192,0,0,0,2,0,0,1,19,0,1,7,0.25,3,4,0.75,7,1,7,1.75,14
"Miyaura","JPN","OPPOSITE SPIKER",26,190,2,0.08,0,1,0,19,43,104,1.46,5,24,0.38,19,28,3.08,177,51,112,13.62,140
"Mohammad","IRI","MIDDLE BLOCKER",24,204,0,0.09,3,2,0.27,4,7,138,0.36,14,43,1.27,8,10,1.82,59,13,25,5.36,73
"Mohwinkel","GER","LIBERO",22,196,0,0.25,39,4,3.25,2,18,49,0.17,4,9,0.33,15,18,2.58,54,22,44,4.5,68
"Morteza","IRI","OUTSIDE HITTER",26,193,0,0.2,61,11,6.1,18,33,85,1.8,7,19,0.7,14,16,3.3,98,31,68,9.8,108
"Možič","SLO","OUTSIDE HITTER",23,200,1,0.2,68,19,4.53,11,49,110,0.73,20,33,1.33,16,49,3.67,167,56,150,11.13,174
"Muhammed K.","TUR","SETTER",30,201,0,0,0,0,0,0,0,0,0,0,0,0,0,0,0,0,0,0,0,0
"Mujanović","SLO","OPPOSITE SPIKER",20,206,0,0,0,1,0,8,25,47,0.53,8,23,0.53,10,10,1.8,110,35,83,7.33,94
"Murayama","JPN","MIDDLE BLOCKER",27,192,0,0,0,0,0,3,5,27,0.38,5,10,0.62,1,1,0.5,12,2,6,1.5,18
"Nachev","BUL","MIDDLE BLOCKER",21,206,0,0,0,0,0,0,0,0,0,0,0,0,0,0,0,0,0,0,0,0
"Najdič","SLO","SETTER",19,193,2,10.13,0,0,0,2,19,51,0.13,2,11,0.13,8,20,1.2,1,0,1,0.07,40
"Nalozhnyi","UKR","OUTSIDE HITTER",29,196,0,0,0,1,0,0,2,14,0,0,0,0,2,1,0,0,0,0,0,5
"Nasevich","POL","OPPOSITE SPIKER",22,200,0,0,1,0,0.25,2,8,7,0.5,1,4,0.25,3,1,1.5,9,4,10,2.25,19
"Nedeljković","SRB","MIDDLE BLOCKER",27,205,0,0.17,6,0,0.5,2,17,91,0.17,35,66,2.92,7,17,1.5,67,11,22,5.58,101
"Negic","SRB","LIBERO",25,180,0,0,1,0,0.08,0,0,0,0,0,0,0,6,6,1.08,0,0,0,0,6
"Nikolić","SRB","OPPOSITE SPIKER",24,206,0,0.08,0,0,0,2,16,32,0.17,1,4,0.08,11,12,0.33,25,8,25,2.08,39
"Nishimoto","JPN","MIDDLE BLOCKER",26,188,0,0,1,0,0.11,1,3,43,0.11,4,17,0.44,1,3,0.44,20,2,7,2.22,23
"Nishiyama","JPN","OPPOSITE SPIKER",22,193,0,0.22,1,0,0.11,2,7,13,0.22,1,7,0.11,3,5,0.22,22,7,17,2.44,24
"Nowak J.","POL","MIDDLE BLOCKER",20,205,0,0.14,2,1,0.14,2,23,109,0.14,25,33,1.79,12,6,0.86,55,10,21,3.93,79
"Ogawa","JPN","LIBERO",29,176,1,0.15,60,8,4.62,0,0,0,0,0,0,0,29,72,6.46,0,0,0,0,38
"Okroglič","SLO","LIBERO",21,185,1,0.13,12,12,0.8,0,0,0,0,0,0,0,22,26,1.87,0,0,0,0,35
"Onodera","JPN","MIDDLE BLOCKER",29,200,1,0,0,0,0,0,6,32,0,4,14,1,2,8,1,17,0,7,4.25,23
"Otsuka","JPN","OUTSIDE HITTER",24,195,1,0,26,3,3.25,2,9,59,0.25,2,6,0.25,11,12,1.88,72,16,51,9,46
"Oya","JPN","SETTER",30,178,5,15.62,0,0,0,1,7,79,0.08,0,7,0,24,23,2.08,2,0,4,0.15,43
"Pace","ITA","LIBERO",25,180,1,0,14,2,1.27,0,0,0,0,0,0,0,1,1,1,0,0,0,0,4
"Pajenk","SLO","MIDDLE BLOCKER",39,203,0,0,0,0,0,0,3,7,0,0,5,0,0,2,2,4,1,2,4,9
"Palev","BUL","SETTER",22,188,1,8.83,0,0,0,1,8,66,0.08,2,6,0.17,8,6,0.92,1,0,1,0.08,23
"Palonsky","ARG","OUTSIDE HITTER",26,198,0,0.42,59,16,4.92,11,51,130,0.92,10,39,0.83,24,38,4.67,159,24,166,13.25,154
"Pampushko","UKR","LIBERO",23,180,0,0.12,2,0,0.25,0,0,0,0,0,0,0,1,0,1.38,0,0,0,0,1
"Parkinson","NED","MIDDLE BLOCKER",33,203,0,0,1,0,0.5,0,0,9,0,3,2,1.5,1,1,1.5,3,2,7,1.5,5
"Pasteur","USA","OUTSIDE HITTER",23,193,0,0.25,2,6,0.5,1,5,18,0.25,0,2,0,4,3,0.5,22,7,8,5.5,24
"Patry","FRA","OPPOSITE SPIKER",28,207,0,0,0,0,0,0,0,0,0,0,0,0,0,0,0,0,0,0,0,0
"Peng S.K.","CHN","MIDDLE BLOCKER",25,208,0,0,1,1,0.12,1,4,46,0.12,10,20,1.25,5,11,0.5,16,4,18,2,34
"Perić","SRB","OUTSIDE HITTER",27,207,0,0,9,4,1.12,1,1,24,0.12,3,10,0.38,3,5,0.75,19,5,16,2.38,23
"Peter","GER","OUTSIDE HITTER",28,197,0,0.08,10,3,0.83,3,17,33,0.25,1,7,0.08,5,5,0.83,17,7,22,1.42,39
"Petkov","BUL","MIDDLE BLOCKER",28,200,1,0,0,0,0,1,4,48,0.08,11,19,0.92,1,6,0.42,10,1,10,0.83,26
"Petkov","BUL","MIDDLE BLOCKER",28,200,1,0,0,0,0,1,4,48,0.08,11,19,0.92,1,6,0.42,10,1,10,0.83,26
"Petkov","BUL","MIDDLE BLOCKER",21,207,1,0,0,0,0,1,4,48,0.08,11,19,0.92,1,6,0.42,10,1,10,0.83,26
"Petkov","BUL","MIDDLE BLOCKER",21,207,1,0,0,0,0,1,4,48,0.08,11,19,0.92,1,6,0.42,10,1,10,0.83,26
"Plak","NED","MIDDLE BLOCKER",28,198,0,0,2,0,0.25,5,15,33,0.62,5,20,0.62,6,8,0.25,20,4,5,2.5,45
"Planinšič","SLO","SETTER",27,186,1,21,0,1,0,4,9,112,0.33,8,12,0.67,31,47,1.17,2,1,2,0.17,55
"Poluian","UKR","OUTSIDE HITTER",27,198,1,0,9,7,0.75,1,12,34,0.08,4,4,0.33,5,12,1,41,16,38,3.42,45
"Popiwczak","POL","LIBERO",29,180,0,0.14,13,12,1.86,0,0,0,0,0,0,0,14,26,6.57,0,0,0,0,26
"Poriya","IRI","OUTSIDE HITTER",21,198,0,0,36,4,3.27,15,36,77,1.36,5,17,0.45,15,18,2.55,85,38,59,7.73,110
"Porro L.","ITA","OUTSIDE HITTER",21,193,0,0.13,29,8,1.93,7,27,54,0.47,13,16,0.87,20,27,2.13,69,13,44,4.6,84
"Poręba","POL","MIDDLE BLOCKER",26,205,1,0,0,1,0,2,8,60,0.17,15,28,1.25,10,2,0.83,38,5,10,3.17,53
"Pothron","FRA","OUTSIDE HITTER",23,198,1,0.17,49,11,4.08,2,17,46,0.17,2,12,0.17,7,9,3.08,59,14,50,4.92,62
"Qu Z.S.","CHN","LIBERO",26,186,2,0.31,71,16,5.46,0,0,0,0,0,0,0,54,49,5.31,0,0,0,0,72
"Ramon","FRA","LIBERO",25,186,0,0,6,0,0.75,0,0,8,0,0,0,0,3,6,2.62,0,0,0,0,3
"Ran","JPN","OUTSIDE HITTER",24,188,0,0.4,22,3,4.4,1,12,41,0.2,4,4,0.8,9,16,4,56,25,39,11.2,53
"Rao S.H.","CHN","MIDDLE BLOCKER",28,205,1,0.08,0,1,0,1,3,49,0.08,8,17,0.62,6,7,0.69,14,0,9,1.08,28
"Recine","ITA","OUTSIDE HITTER",26,186,0,0,0,0,0,0,0,1,0,1,0,0.25,0,0,0,0,1,2,0,1
"Ristić","SRB","LIBERO",21,190,1,0.25,43,14,3.58,0,0,0,0,0,0,0,47,35,4.83,0,0,0,0,62
"Robinson","USA","OUTSIDE HITTER",23,202,0,0.25,49,14,4.08,10,44,70,0.83,9,19,0.75,23,24,1.92,114,48,88,9.5,148
"Romanò","ITA","OPPOSITE SPIKER",28,201,0,0.09,0,0,0,11,21,65,1,6,16,0.55,13,15,1.55,83,28,56,7.55,78
"Rowan","USA","SETTER",22,201,0,10,0,0,0,0,11,28,0,5,7,0.62,6,4,1.38,0,1,4,0,25
"Rychlicki","ITA","OPPOSITE SPIKER",28,204,1,0,1,0,0.07,17,31,83,1.13,8,26,0.53,15,19,2.93,108,37,107,7.2,110
"Röhrs","GER","OUTSIDE HITTER",24,201,0,0.33,51,19,4.25,10,52,123,0.83,12,41,1,18,35,5.58,154,54,149,12.83,184
"S. Nikolov","BUL","SETTER",18,209,1,18.09,0,0,0,14,36,75,1.27,11,20,1,13,34,2.82,25,7,27,2.27,77
"Saadat","IRI","OPPOSITE SPIKER",23,205,0,0,0,3,0,5,14,42,0.42,10,15,0.83,7,9,0.92,62,18,31,5.17,57
"Sabino","BRA","OPPOSITE SPIKER",23,201,0,0,0,0,0,0,0,0,0,0,0,0,0,0,0,2,0,0,2,0
"Salazar","ARG","MIDDLE BLOCKER",21,202,0,0,0,0,0,0,3,14,0,1,7,0.5,2,1,0.5,3,2,2,1.5,14
"Sanchez Pages","ARG","SETTER",28,175,5,28.83,0,0,0,4,17,133,0.33,1,15,0.08,24,28,3.67,3,0,6,0.25,61
"Sanguinetti","ITA","MIDDLE BLOCKER",25,203,0,0,0,0,0,1,6,7,0.09,1,9,0.09,1,1,0.18,5,0,5,0.45,16
"Sani","ITA","OUTSIDE HITTER",23,203,0,0,6,9,1.5,1,7,18,0.25,3,4,0.75,5,3,3.5,27,7,24,6.75,32
"Sasak","POL","OPPOSITE SPIKER",28,208,0,0.33,0,0,0,15,49,149,1,16,41,1.07,32,30,2.67,141,35,130,9.4,157
"Sato","JPN","MIDDLE BLOCKER",25,204,0,0.15,2,0,0.15,5,10,85,0.38,12,29,0.92,5,17,0.62,40,5,27,3.08,49
"Savaş","TUR","MIDDLE BLOCKER",30,205,0,0,2,0,0.17,0,7,33,0,10,20,0.83,0,1,1.08,23,3,20,1.92,30
"Sbertoli","ITA","SETTER",27,188,0,10,0,0,0,1,3,39,0.09,2,15,0.18,14,9,1,0,0,1,0,32
"Scarpa","ARG","LIBERO",23,186,0,0,0,0,0,0,0,0,0,0,0,0,0,0,0,0,0,0,0,0
"Schnitzer","CAN","MIDDLE BLOCKER",26,198,0,0,1,1,0.1,1,15,35,0.1,4,11,0.4,2,2,0.5,16,5,12,1.6,34
"Sclater","CAN","OPPOSITE SPIKER",31,200,0,0,1,0,0.12,3,12,56,0.38,6,15,0.75,8,5,2.25,42,16,35,5.25,51
"Semeniuk","POL","OUTSIDE HITTER",29,195,0,0.18,37,7,3.36,9,19,83,0.82,4,15,0.36,18,24,2.91,93,20,77,8.45,79
"Semeniuk","UKR","MIDDLE BLOCKER",31,210,0,0.17,4,2,0.33,8,20,162,0.67,37,55,3.08,7,32,1.58,97,16,55,8.08,100
"Shchytkov","UKR","SETTER",33,186,3,19.92,0,0,0,4,21,76,0.33,4,25,0.33,16,17,2.17,6,2,4,0.5,67
"Shimokawa","JPN","SETTER",25,178,0,8.5,0,0,0,0,0,7,0,0,1,0,0,1,1,0,0,0,0,1
"Shoji","USA","LIBERO",36,184,0,0,16,3,2.29,0,0,0,0,0,0,0,16,16,3,0,0,0,0,19
"Simón","CUB","MIDDLE BLOCKER",38,208,1,0,3,0,0.6,5,14,60,1,13,18,2.6,4,8,2.6,33,3,12,6.6,40
"Soshi","JPN","LIBERO",25,178,0,0,5,1,0.62,0,0,0,0,0,0,0,4,2,1.12,0,0,0,0,5
"Stefanović","SRB","MIDDLE BLOCKER",26,200,0,0,2,0,0.25,0,1,13,0,3,6,0.38,2,5,0.5,9,1,5,1.12,10
"Strehlau","FRA","OUTSIDE HITTER",21,199,0,0,0,0,0,0,0,0,0,0,0,0,0,0,0,1,0,0,0.25,0
"Synytsia","UKR","SETTER",32,194,3,12.38,0,0,0,2,7,41,0.25,4,11,0.5,4,8,1.25,3,1,2,0.38,26
"Szalpuk","POL","OUTSIDE HITTER",30,201,1,0.14,46,17,3.29,4,24,84,0.29,13,19,0.93,24,20,2.57,94,27,88,6.71,112
"Szymura","POL","OUTSIDE HITTER",30,196,0,0,22,4,5.5,2,7,31,0.5,4,5,1,6,7,2,25,9,23,6.25,31
"T. Štern","SLO","OPPOSITE SPIKER",29,200,0,0.07,2,1,0.13,9,40,109,0.6,8,24,0.53,31,34,2.47,137,58,116,9.13,154
"Tatarov","BUL","OUTSIDE HITTER",22,198,0,0,8,5,0.67,3,6,39,0.25,8,23,0.67,5,10,1.33,24,16,22,2,55
"Telkiyski","BUL","SETTER",24,197,0,0,0,0,0,0,0,0,0,0,0,0,0,0,0,0,0,0,0,0
"Tevkun","UKR","OPPOSITE SPIKER",37,205,0,0,0,0,0,0,0,1,0,0,1,0,1,2,0,1,1,3,0.12,3
"Thiago","CUB","MIDDLE BLOCKER",21,194,0,0,0,0,0,0,0,0,0,1,0,0.12,0,0,0,1,0,0,0.12,0
"Thiery","BRA","MIDDLE BLOCKER",22,204,0,0,0,0,0,2,0,16,0.22,4,3,0.44,1,1,0,3,2,8,0.33,6
"Thondike","CUB","SETTER",24,190,3,9.38,0,0,0,2,13,41,0.15,7,9,0.54,12,13,1.08,4,3,7,0.31,40
"Tille","GER","SETTER",28,186,1,14.67,0,0,0,1,10,38,0.17,0,4,0,7,14,2.5,1,0,1,0.17,22
"Tizi-Oualou","FRA","SETTER",19,197,3,22.22,0,0,0,5,24,53,0.56,7,20,0.78,11,17,1.78,17,3,5,1.89,61
"Todorović","SRB","SETTER",27,190,1,15.58,0,3,0,2,9,79,0.17,3,17,0.25,20,26,2.58,7,0,2,0.58,50
"Todua","UKR","MIDDLE BLOCKER",33,208,0,0.17,2,2,0.17,2,26,61,0.17,19,44,1.58,6,13,1.58,23,5,25,1.92,83
"Tomita","JPN","OUTSIDE HITTER",28,190,1,0,50,7,3.85,6,23,77,0.46,1,17,0.08,8,30,2.31,56,17,48,4.31,73
"Toniutti","FRA","SETTER",35,183,0,3.2,0,0,0,0,0,1,0,0,0,0,2,1,0.2,0,0,0,0,2
"Torwie","GER","MIDDLE BLOCKER",23,203,0,0.08,2,2,0.17,7,41,107,0.58,26,44,2.17,11,27,1.5,40,11,24,3.33,109
"Tuinstra","NED","OUTSIDE HITTER",25,200,0,0.25,53,11,4.42,8,27,99,0.67,3,13,0.25,24,21,2.08,93,48,91,7.75,123
"Tupchii","UKR","OPPOSITE SPIKER",33,194,0,0.17,0,0,0,12,37,151,1,16,30,1.33,17,47,3.5,157,46,113,13.08,130
"Tümer","TUR","MIDDLE BLOCKER",24,204,0,0,1,0,0.09,0,6,6,0,0,4,0,0,0,0,3,0,0,0.27,10
"Urnaut","SLO","OUTSIDE HITTER",37,200,0,0,4,2,1,2,3,27,0.5,3,2,0.75,6,8,2,23,12,17,5.75,25
"Uryvkin","UKR","OPPOSITE SPIKER",24,197,0,0,0,0,0,0,1,1,0,0,0,0,0,0,0.25,2,0,3,0.5,1
"Van Der Ent","NED","MIDDLE BLOCKER",27,208,0,0,3,0,0.25,4,23,100,0.33,21,34,1.75,6,9,1.17,58,12,34,4.83,75
"Varga","CAN","OUTSIDE HITTER",22,200,0,0.1,26,8,2.6,6,21,42,0.6,7,14,0.7,18,14,2.1,62,22,59,6.2,83
"Vicentin","ARG","OUTSIDE HITTER",25,197,0,0,52,12,4.33,6,22,62,0.5,10,17,0.83,17,29,3.08,68,40,61,5.67,108
"Vinčić","SLO","SETTER",39,200,2,4.75,0,0,0,0,0,8,0,0,4,0,3,5,0.75,0,0,0,0,9
"Wang B.","CHN","OUTSIDE HITTER",24,195,1,0,20,9,1.54,6,24,65,0.46,4,11,0.31,25,19,1.46,65,27,70,5,97
"Wang H.B.","CHN","SETTER",26,188,3,9,0,0,0,3,1,98,0.23,0,6,0,17,16,1.23,1,0,1,0.08,27
"Wassenaar Ketrzynski","CAN","OPPOSITE SPIKER",25,208,1,0,2,1,0.17,9,23,76,0.75,8,15,0.67,22,20,2.25,109,28,83,9.08,90
"Wen Z. H.","CHN","OPPOSITE SPIKER",25,201,0,0,0,0,0,6,15,57,0.46,8,19,0.62,18,15,1.31,88,37,78,6.77,89
"Wijkstra","NED","OUTSIDE HITTER",23,205,0,0,0,0,0,0,1,0,0,1,2,0.12,0,0,0,1,1,2,0.12,4
"Wiltenburg","NED","MIDDLE BLOCKER",28,205,0,0.08,2,1,0.17,2,10,60,0.17,21,24,1.75,3,7,0.33,17,3,15,1.42,41
"Yamamoto","JPN","LIBERO",30,171,0,0,4,0,0.8,0,0,0,0,0,0,0,2,2,1,0,0,0,0,2
"Yamauchi","JPN","MIDDLE BLOCKER",31,204,0,0,0,0,0,0,0,0,0,0,0,0,0,0,0,0,0,0,0,0
"Yamazaki","JPN","OUTSIDE HITTER",27,190,0,0,12,2,1.33,4,13,24,0.44,1,5,0.11,3,7,0.89,25,10,33,2.78,33
"Yanchuk","UKR","OUTSIDE HITTER",26,197,0,0.17,30,21,2.5,18,39,121,1.5,7,28,0.58,14,24,3.58,165,51,133,13.75,153
"Yant","CUB","OUTSIDE HITTER",24,204,1,0.31,58,11,4.46,16,40,165,1.23,23,40,1.77,18,39,5.54,219,76,152,16.85,186
"Yenipazar","TUR","SETTER",32,194,0,24.17,0,1,0,4,25,131,0.33,11,23,0.92,28,24,4.17,4,2,13,0.33,79
"Yevstratov","UKR","SETTER",32,190,0,7.5,0,0,0,1,0,20,0.25,2,2,0.5,4,4,1.25,0,0,3,0,6
"Young","CAN","OUTSIDE HITTER",24,195,1,0.08,19,8,1.58,5,15,37,0.42,5,14,0.42,8,13,1.92,41,15,39,3.42,61
"Yousef","IRI","MIDDLE BLOCKER",22,207,1,0,1,0,0.09,1,6,24,0.09,6,15,0.55,2,1,0.36,12,4,12,1.09,28
"Yu Y.C.","CHN","SETTER",30,195,3,18,0,0,0,1,5,68,0.08,8,14,0.62,18,39,2.69,4,2,6,0.31,42
"Yu Y.T.","CHN","OUTSIDE HITTER",27,186,3,0.17,35,14,2.92,4,24,89,0.33,2,24,0.17,15,29,3.17,80,33,87,6.67,113
"Yüksel","TUR","OUTSIDE HITTER",21,204,0,0.09,2,3,0.18,0,5,19,0,0,10,0,1,2,0.36,11,11,21,1,30
"Z. Štern","SLO","OUTSIDE HITTER",31,193,1,0.55,23,15,2.09,9,19,92,0.82,2,22,0.18,19,25,3.09,70,23,73,6.36,99
"Zaleszczyk","POL","MIDDLE BLOCKER",23,205,0,0,0,0,0,0,0,1,0,0,0,0,0,0,0,0,0,0,0,0
"Zerba","ARG","MIDDLE BLOCKER",26,203,0,0,4,0,0.33,7,14,82,0.58,11,22,0.92,4,10,1,35,4,24,2.92,44
"Zhai D.J.","CHN","OUTSIDE HITTER",25,195,0,0,8,11,0.62,0,12,25,0,2,3,0.15,9,9,0.85,22,7,27,1.69,42
"Zhang Z.J.","CHN","MIDDLE BLOCKER",30,207,0,0.08,0,0,0,1,5,31,0.08,7,19,0.54,1,7,0.46,25,3,11,1.92,28
"Zhelev","BUL","OUTSIDE HITTER",23,197,0,0,2,0,0.17,0,0,1,0,0,0,0,16,8,1.67,0,0,0,0,16
"Zimmermann","GER","SETTER",32,190,0,19.17,0,1,0,2,11,123,0.17,7,13,0.58,35,26,3.92,5,0,4,0.42,60
"de Groot","NED","OUTSIDE HITTER",20,190,0,0,1,0,0.25,0,3,2,0,0,0,0,0,2,0,1,1,1,0.25,4
"Śliwka","POL","OUTSIDE HITTER",30,196,0,0,8,4,2,1,3,15,0.25,1,3,0.25,4,8,1.25,16,6,13,4,20
"Šen","SLO","OUTSIDE HITTER",23,192,0,0,3,3,0.3,0,3,6,0,0,1,0,0,3,0.1,2,1,8,0.2,8
"Štalekar","SLO","MIDDLE BLOCKER",29,214,0,0,1,0,0.07,5,8,129,0.33,14,40,0.93,11,12,1,49,9,32,3.27,68
